{"fitness": 8.483431028665903, "evaluations": 20002, "generation": 1350, "_runtime": 9, "_timestamp": 1642157428, "_step": 1350, "validation fitness": 8.431104186373316, "validation evaluations": 20002, "validation generation": 1350, "final fitness": 8.483431028665903, "final validation fitness": 8.431104186373316}