{"fitness": 8.889284456086942, "evaluations": 20040, "generation": 333, "_runtime": 5, "_timestamp": 1642156917, "_step": 333, "validation fitness": 8.88280158727673, "validation evaluations": 19860, "validation generation": 330, "final fitness": 8.889284456086942, "final validation fitness": 8.88280158727673}