{"fitness": 8.597736440798744, "evaluations": 20004, "generation": 1667, "_runtime": 7, "_timestamp": 1642157143, "_step": 1667, "validation fitness": 8.574891031288372, "validation evaluations": 19980, "validation generation": 1665, "final fitness": 8.597736440798744, "final validation fitness": 8.574891031288372}