{"fitness": 8.841784885160592, "evaluations": 20022, "generation": 527, "_runtime": 11, "_timestamp": 1642156961, "_step": 527, "validation fitness": 8.822536883966155, "validation evaluations": 19946, "validation generation": 525, "final fitness": 8.841784885160592, "final validation fitness": 8.822536883966155}