{"fitness": 8.89837728465369, "evaluations": 20004, "generation": 1667, "_runtime": 8, "_timestamp": 1642158374, "_step": 1667, "final fitness": 8.89837728465369, "final validation fitness": 8.889897133809114}