{"fitness": 9.19499916832681, "evaluations": 20004, "generation": 1667, "_runtime": 7, "_timestamp": 1642158135, "_step": 1667, "final fitness": 9.19499916832681, "final validation fitness": 9.184793792897185}