{"fitness": 8.312004661594456, "evaluations": 20004, "generation": 1667, "_runtime": 9, "_timestamp": 1642157268, "_step": 1667, "validation fitness": 8.268793334696067, "validation evaluations": 19980, "validation generation": 1665, "final fitness": 8.312004661594456, "final validation fitness": 8.268793334696067}