{"fitness": 8.474809832322808, "evaluations": 20010, "generation": 609, "_runtime": 10, "_timestamp": 1642157070, "_step": 609, "validation fitness": 8.46398198117177, "validation evaluations": 19902, "validation generation": 605, "final fitness": 8.474809832322808, "final validation fitness": 8.46398198117177}