{"fitness": 9.292575675102725, "evaluations": 20010, "generation": 807, "_runtime": 10, "_timestamp": 1642157205, "_step": 807, "validation fitness": 9.279070517834048, "validation evaluations": 19960, "validation generation": 805, "final fitness": 9.292575675102725, "final validation fitness": 9.279070517834048}