{"fitness": 8.970042227264596, "evaluations": 20032, "generation": 623, "_runtime": 10, "_timestamp": 1642157101, "_step": 623, "validation fitness": 8.954444438430285, "validation evaluations": 19944, "validation generation": 620, "final fitness": 8.970042227264596, "final validation fitness": 8.954444438430285}