{"fitness": 7.489460362399935, "evaluations": 20004, "generation": 1667, "_runtime": 8, "_timestamp": 1642157370, "_step": 1667, "validation fitness": 7.460930916290366, "validation evaluations": 19980, "validation generation": 1665, "final fitness": 7.489460362399935, "final validation fitness": 7.460930916290366}