{"fitness": 7.6334838840070045, "evaluations": 20004, "generation": 1338, "_runtime": 9, "_timestamp": 1642157457, "_step": 1338, "validation fitness": 7.614531190429963, "validation evaluations": 19958, "validation generation": 1335, "final fitness": 7.6334838840070045, "final validation fitness": 7.614531190429963}