{"fitness": 8.791002260927112, "evaluations": 20040, "generation": 333, "_runtime": 5, "_timestamp": 1642158166, "_step": 333, "final fitness": 8.791002260927112, "final validation fitness": 8.752154310870342}