{"fitness": 9.999995031853498, "evaluations": 20040, "generation": 333, "_runtime": 4, "_timestamp": 1642158043, "_step": 333, "final fitness": 9.999995031853498, "final validation fitness": 9.999995031853498}