{"fitness": 9.123199552941909, "evaluations": 20036, "generation": 794, "_runtime": 10, "_timestamp": 1642157189, "_step": 794, "validation fitness": 9.121021882832865, "validation evaluations": 19918, "validation generation": 790, "final fitness": 9.123199552941909, "final validation fitness": 9.121021882832865}