{"fitness": 8.8614232986978, "evaluations": 20030, "generation": 527, "_runtime": 11, "_timestamp": 1642158183, "_step": 527, "final fitness": 8.8614232986978, "final validation fitness": 8.84638445574269}