{"fitness": 7.728556373543534, "evaluations": 20012, "generation": 1013, "_runtime": 9, "_timestamp": 1642157325, "_step": 1013, "validation fitness": 7.713337658490583, "validation evaluations": 19934, "validation generation": 1010, "final fitness": 7.728556373543534, "final validation fitness": 7.713337658490583}