{"fitness": 8.893708959839824, "evaluations": 20006, "generation": 628, "_runtime": 10, "_timestamp": 1642157085, "_step": 628, "validation fitness": 8.877982433013383, "validation evaluations": 19904, "validation generation": 625, "final fitness": 8.893708959839824, "final validation fitness": 8.877982433013383}