{"fitness": 8.594228721988042, "evaluations": 20006, "generation": 1346, "_runtime": 10, "_timestamp": 1642157443, "_step": 1346, "validation fitness": 8.566179833510375, "validation evaluations": 19990, "validation generation": 1345, "final fitness": 8.594228721988042, "final validation fitness": 8.566179833510375}