{"fitness": 9.019958161129619, "evaluations": 20004, "generation": 1667, "_runtime": 8, "_timestamp": 1642158231, "_step": 1667, "final fitness": 9.019958161129619, "final validation fitness": 9.010268579341297}