{"fitness": 9.998528994171071, "evaluations": 20040, "generation": 333, "_runtime": 5, "_timestamp": 1642158022, "_step": 333, "final fitness": 9.998528994171071, "final validation fitness": 9.998528994171071}