{"fitness": 8.019268510024537, "evaluations": 20006, "generation": 1005, "_runtime": 9, "_timestamp": 1642157311, "_step": 1005, "validation fitness": 8.006455284687593, "validation evaluations": 20006, "validation generation": 1005, "final fitness": 8.019268510024537, "final validation fitness": 8.006455284687593}