{"fitness": 9.342242700141028, "evaluations": 20040, "generation": 333, "_runtime": 5, "_timestamp": 1642158285, "_step": 333, "final fitness": 9.342242700141028, "final validation fitness": 9.33398762826226}