{"fitness": 8.74185115418875, "evaluations": 20034, "generation": 618, "_runtime": 10, "_timestamp": 1642158354, "_step": 618, "final fitness": 8.74185115418875, "final validation fitness": 8.72312443724201}