{"fitness": 9.99984036987831, "evaluations": 20040, "generation": 333, "_runtime": 4, "_timestamp": 1642158032, "_step": 333, "final fitness": 9.99984036987831, "final validation fitness": 9.99984036987831}