{"fitness": 8.999432176386676, "evaluations": 20004, "generation": 1667, "_runtime": 8, "_timestamp": 1642157010, "_step": 1667, "validation fitness": 9.0053993937921, "validation evaluations": 19980, "validation generation": 1665, "final fitness": 8.999432176386676, "final validation fitness": 9.0053993937921}