{"fitness": 7.5120758687555576, "evaluations": 20010, "generation": 1003, "_runtime": 9, "_timestamp": 1642157340, "_step": 1003, "validation fitness": 7.511191027880554, "validation evaluations": 19956, "validation generation": 1000, "final fitness": 7.5120758687555576, "final validation fitness": 7.511191027880554}