{"fitness": 9.192052064364589, "evaluations": 20040, "generation": 333, "_runtime": 4, "_timestamp": 1642157054, "_step": 333, "validation fitness": 9.15406043511585, "validation evaluations": 19860, "validation generation": 330, "final fitness": 9.192052064364589, "final validation fitness": 9.15406043511585}