{"fitness": 9.999969077199307, "evaluations": 20032, "generation": 527, "_runtime": 11, "_timestamp": 1642156818, "_step": 527, "validation fitness": 9.999969077199301, "validation evaluations": 19956, "validation generation": 525, "final fitness": 9.999969077199307, "final validation fitness": 9.999969077199301}