{"fitness": 8.516531379031491, "evaluations": 20040, "generation": 333, "_runtime": 5, "_timestamp": 1642157296, "_step": 333, "validation fitness": 8.49814670495876, "validation evaluations": 19860, "validation generation": 330, "final fitness": 8.516531379031491, "final validation fitness": 8.49814670495876}