{"fitness": 8.970596756339472, "evaluations": 20004, "generation": 1667, "_runtime": 7, "_timestamp": 1642156869, "_step": 1667, "validation fitness": 8.967285373921062, "validation evaluations": 19980, "validation generation": 1665, "final fitness": 8.970596756339472, "final validation fitness": 8.967285373921062}