{"fitness": 9.999978091249218, "evaluations": 20032, "generation": 527, "_runtime": 11, "_timestamp": 1642158092, "_step": 527, "final fitness": 9.999978091249218, "final validation fitness": 9.99997809124922}