{"fitness": 8.278175980311008, "evaluations": 20004, "generation": 1667, "_runtime": 8, "_timestamp": 1642158274, "_step": 1667, "final fitness": 8.278175980311008, "final validation fitness": 8.240181122017859}