{"fitness": 9.341407134349675, "evaluations": 20040, "generation": 333, "_runtime": 5, "_timestamp": 1642158145, "_step": 333, "final fitness": 9.341407134349675, "final validation fitness": 9.330762706389876}