{"fitness": 9.99997893771178, "evaluations": 20032, "generation": 527, "_runtime": 11, "_timestamp": 1642156851, "_step": 527, "validation fitness": 9.999978937711779, "validation evaluations": 19956, "validation generation": 525, "final fitness": 9.99997893771178, "final validation fitness": 9.999978937711779}