{"fitness": 8.833116502507446, "evaluations": 20004, "generation": 1667, "_runtime": 7, "_timestamp": 1642157356, "_step": 1667, "validation fitness": 8.822225889771408, "validation evaluations": 19980, "validation generation": 1665, "final fitness": 8.833116502507446, "final validation fitness": 8.822225889771408}