{"fitness": 9.248283856259587, "evaluations": 20040, "generation": 333, "_runtime": 4, "_timestamp": 1642156906, "_step": 333, "validation fitness": 9.243485907885098, "validation evaluations": 19860, "validation generation": 330, "final fitness": 9.248283856259587, "final validation fitness": 9.243485907885098}