{"fitness": 9.999989043025664, "evaluations": 20004, "generation": 1667, "_runtime": 8, "_timestamp": 1642156772, "_step": 1667, "validation fitness": 9.999989043025664, "validation evaluations": 19980, "validation generation": 1665, "final fitness": 9.999989043025664, "final validation fitness": 9.999989043025664}