{"fitness": 9.160462923354114, "evaluations": 20040, "generation": 333, "_runtime": 4, "_timestamp": 1642157163, "_step": 333, "validation fitness": 9.160462923354114, "validation evaluations": 19860, "validation generation": 330, "final fitness": 9.160462923354114, "final validation fitness": 9.160462923354114}