{"fitness": 9.938743698304492, "evaluations": 20040, "generation": 333, "_runtime": 4, "_timestamp": 1642156792, "_step": 333, "validation fitness": 9.933762197982006, "validation evaluations": 19860, "validation generation": 330, "final fitness": 9.938743698304492, "final validation fitness": 9.933762197982006}