{"fitness": 9.999990652879047, "evaluations": 20004, "generation": 1667, "_runtime": 7, "_timestamp": 1642156759, "_step": 1667, "validation fitness": 9.999990652879047, "validation evaluations": 19980, "validation generation": 1665, "final fitness": 9.999990652879047, "final validation fitness": 9.999990652879047}