{"fitness": 9.999962028142026, "evaluations": 20040, "generation": 333, "_runtime": 5, "_timestamp": 1642156782, "_step": 333, "validation fitness": 9.999962028142026, "validation evaluations": 19860, "validation generation": 330, "final fitness": 9.999962028142026, "final validation fitness": 9.999962028142026}