{"fitness": 8.765923244532551, "evaluations": 20004, "generation": 1667, "_runtime": 7, "_timestamp": 1642157254, "_step": 1667, "validation fitness": 8.728105642027696, "validation evaluations": 19980, "validation generation": 1665, "final fitness": 8.765923244532551, "final validation fitness": 8.728105642027696}