{"fitness": 8.944829377803583, "evaluations": 20040, "generation": 333, "_runtime": 5, "_timestamp": 1642158295, "_step": 333, "final fitness": 8.944829377803583, "final validation fitness": 8.936106346057313}