{"fitness": 8.680924108903408, "evaluations": 20004, "generation": 1667, "_runtime": 7, "_timestamp": 1642158400, "_step": 1667, "final fitness": 8.680924108903408, "final validation fitness": 8.670670200552323}