{"fitness": 8.062980363730686, "evaluations": 20004, "generation": 1667, "_runtime": 7, "_timestamp": 1642158243, "_step": 1667, "final fitness": 8.062980363730686, "final validation fitness": 8.055959225445628}