{"fitness": 7.802849918796994, "evaluations": 20040, "generation": 333, "_runtime": 4, "_timestamp": 1642157277, "_step": 333, "validation fitness": 7.778050534158271, "validation evaluations": 19860, "validation generation": 330, "final fitness": 7.802849918796994, "final validation fitness": 7.778050534158271}