{"fitness": 9.99997269532308, "evaluations": 20040, "generation": 333, "_runtime": 4, "_timestamp": 1642156802, "_step": 333, "validation fitness": 9.99997269532308, "validation evaluations": 19860, "validation generation": 330, "final fitness": 9.99997269532308, "final validation fitness": 9.99997269532308}