{"fitness": 8.83554261630101, "evaluations": 20040, "generation": 333, "_runtime": 4, "_timestamp": 1642158155, "_step": 333, "final fitness": 8.83554261630101, "final validation fitness": 8.82841862949311}