{"fitness": 8.068374660221348, "evaluations": 20040, "generation": 333, "_runtime": 5, "_timestamp": 1642157403, "_step": 333, "validation fitness": 8.060983678720532, "validation evaluations": 19860, "validation generation": 330, "final fitness": 8.068374660221348, "final validation fitness": 8.060983678720532}