{"fitness": 8.11667462085796, "evaluations": 20040, "generation": 333, "_runtime": 5, "_timestamp": 1642158305, "_step": 333, "final fitness": 8.11667462085796, "final validation fitness": 8.08997903306461}