{"fitness": 8.259848401926748, "evaluations": 20004, "generation": 1667, "_runtime": 8, "_timestamp": 1642156896, "_step": 1667, "validation fitness": 8.252387111093157, "validation evaluations": 19980, "validation generation": 1665, "final fitness": 8.259848401926748, "final validation fitness": 8.252387111093157}