{"fitness": 8.993002417457678, "evaluations": 20040, "generation": 333, "_runtime": 6, "_timestamp": 1642156928, "_step": 333, "validation fitness": 8.984771342447521, "validation evaluations": 19860, "validation generation": 330, "final fitness": 8.993002417457678, "final validation fitness": 8.984771342447521}