{"fitness": 8.944402807118957, "evaluations": 20040, "generation": 333, "_runtime": 5, "_timestamp": 1642157043, "_step": 333, "validation fitness": 8.899742716857757, "validation evaluations": 19860, "validation generation": 330, "final fitness": 8.944402807118957, "final validation fitness": 8.899742716857757}