{"fitness": 8.906279492502797, "evaluations": 20004, "generation": 1667, "_runtime": 7, "_timestamp": 1642157131, "_step": 1667, "validation fitness": 8.869660188747833, "validation evaluations": 19980, "validation generation": 1665, "final fitness": 8.906279492502797, "final validation fitness": 8.869660188747833}