{"fitness": 8.887774959471475, "evaluations": 20004, "generation": 1667, "_runtime": 8, "_timestamp": 1642157383, "_step": 1667, "validation fitness": 8.874140460896118, "validation evaluations": 19980, "validation generation": 1665, "final fitness": 8.887774959471475, "final validation fitness": 8.874140460896118}