{"fitness": 8.706424075587604, "evaluations": 20004, "generation": 1667, "_runtime": 9, "_timestamp": 1642156996, "_step": 1667, "validation fitness": 8.70114082286834, "validation evaluations": 19980, "validation generation": 1665, "final fitness": 8.706424075587604, "final validation fitness": 8.70114082286834}