{"fitness": 8.64950913428461, "evaluations": 20004, "generation": 1667, "_runtime": 8, "_timestamp": 1642156883, "_step": 1667, "validation fitness": 8.647645388207152, "validation evaluations": 19980, "validation generation": 1665, "final fitness": 8.64950913428461, "final validation fitness": 8.647645388207152}