{"fitness": 8.28311607512844, "evaluations": 20004, "generation": 612, "_runtime": 11, "_timestamp": 1642158338, "_step": 612, "final fitness": 8.28311607512844, "final validation fitness": 8.277424329659778}