{"fitness": 9.084717598822325, "evaluations": 20004, "generation": 1667, "_runtime": 8, "_timestamp": 1642158123, "_step": 1667, "final fitness": 9.084717598822325, "final validation fitness": 9.081127213010848}