{"fitness": 8.756131660701637, "evaluations": 20040, "generation": 333, "_runtime": 4, "_timestamp": 1642157392, "_step": 333, "validation fitness": 8.736514137989587, "validation evaluations": 19860, "validation generation": 330, "final fitness": 8.756131660701637, "final validation fitness": 8.736514137989587}