{"fitness": 8.108485507000399, "evaluations": 20004, "generation": 1667, "_runtime": 9, "_timestamp": 1642157241, "_step": 1667, "validation fitness": 8.08843703609379, "validation evaluations": 19980, "validation generation": 1665, "final fitness": 8.108485507000399, "final validation fitness": 8.08843703609379}