{"fitness": 9.272776624450564, "evaluations": 20014, "generation": 832, "_runtime": 11, "_timestamp": 1642157222, "_step": 832, "validation fitness": 9.246289885902055, "validation evaluations": 19960, "validation generation": 830, "final fitness": 9.272776624450564, "final validation fitness": 9.246289885902055}