{"fitness": 9.99998948415382, "evaluations": 20004, "generation": 1667, "_runtime": 6, "_timestamp": 1642157985, "_step": 1667, "final fitness": 9.99998948415382, "final validation fitness": 9.999989484153819}