{"fitness": 8.807988117320818, "evaluations": 20036, "generation": 613, "_runtime": 11, "_timestamp": 1642158322, "_step": 613, "final fitness": 8.807988117320818, "final validation fitness": 8.788752871780883}