{"fitness": 9.516890663156387, "evaluations": 20004, "generation": 1667, "_runtime": 9, "_timestamp": 1642158388, "_step": 1667, "final fitness": 9.516890663156387, "final validation fitness": 9.516890663156387}