{"fitness": 9.097993673746547, "evaluations": 20032, "generation": 527, "_runtime": 11, "_timestamp": 1642158214, "_step": 527, "final fitness": 9.097993673746547, "final validation fitness": 9.08906893624801}