{"fitness": 9.99999032519644, "evaluations": 20004, "generation": 1667, "_runtime": 8, "_timestamp": 1642157999, "_step": 1667, "final fitness": 9.99999032519644, "final validation fitness": 9.999990325196439}