{"fitness": 8.22738280117577, "evaluations": 20004, "generation": 1667, "_runtime": 8, "_timestamp": 1642157023, "_step": 1667, "validation fitness": 8.20444179172534, "validation evaluations": 19980, "validation generation": 1665, "final fitness": 8.22738280117577, "final validation fitness": 8.20444179172534}