{"fitness": 9.999989414108798, "evaluations": 20004, "generation": 1667, "_runtime": 8, "_timestamp": 1642158012, "_step": 1667, "final fitness": 9.999989414108798, "final validation fitness": 9.999989414108798}