{"fitness": 9.999991316640008, "evaluations": 20004, "generation": 1667, "_runtime": 7, "_timestamp": 1642156746, "_step": 1667, "validation fitness": 9.999991316640008, "validation evaluations": 19980, "validation generation": 1665, "final fitness": 9.999991316640008, "final validation fitness": 9.999991316640008}