{"fitness": 9.999986796788008, "evaluations": 20032, "generation": 527, "_runtime": 11, "_timestamp": 1642158075, "_step": 527, "final fitness": 9.999986796788008, "final validation fitness": 9.99998679678801}