{"fitness": 8.557006837993299, "evaluations": 20040, "generation": 333, "_runtime": 4, "_timestamp": 1642157153, "_step": 333, "validation fitness": 8.546421799395024, "validation evaluations": 19860, "validation generation": 330, "final fitness": 8.557006837993299, "final validation fitness": 8.546421799395024}