{"fitness": 8.697657670001146, "evaluations": 20040, "generation": 333, "_runtime": 4, "_timestamp": 1642157286, "_step": 333, "validation fitness": 8.68517519567757, "validation evaluations": 19860, "validation generation": 330, "final fitness": 8.697657670001146, "final validation fitness": 8.68517519567757}