{"fitness": 9.99999148470188, "evaluations": 20032, "generation": 527, "_runtime": 11, "_timestamp": 1642158059, "_step": 527, "final fitness": 9.99999148470188, "final validation fitness": 9.99999148470188}