{"fitness": 8.87708325541071, "evaluations": 20040, "generation": 333, "_runtime": 4, "_timestamp": 1642157413, "_step": 333, "validation fitness": 8.862922657872605, "validation evaluations": 19860, "validation generation": 330, "final fitness": 8.87708325541071, "final validation fitness": 8.862922657872605}