{"fitness": 9.138447393603856, "evaluations": 20040, "generation": 333, "_runtime": 4, "_timestamp": 1642157033, "_step": 333, "validation fitness": 9.126569192063602, "validation evaluations": 19860, "validation generation": 330, "final fitness": 9.138447393603856, "final validation fitness": 9.126569192063602}