{"fitness": 9.99998212195871, "evaluations": 20032, "generation": 527, "_runtime": 11, "_timestamp": 1642156835, "_step": 527, "validation fitness": 9.999982121958709, "validation evaluations": 19956, "validation generation": 525, "final fitness": 9.99998212195871, "final validation fitness": 9.999982121958709}