{"fitness": 8.922497467425421, "evaluations": 20032, "generation": 527, "_runtime": 11, "_timestamp": 1642156944, "_step": 527, "validation fitness": 8.912315766990655, "validation evaluations": 19956, "validation generation": 525, "final fitness": 8.922497467425421, "final validation fitness": 8.912315766990655}