{"fitness": 8.987626044726131, "evaluations": 20004, "generation": 1667, "_runtime": 7, "_timestamp": 1642158109, "_step": 1667, "final fitness": 8.987626044726131, "final validation fitness": 8.979369040761195}