{"fitness": 8.987523753253624, "evaluations": 20020, "generation": 527, "_runtime": 10, "_timestamp": 1642158198, "_step": 527, "final fitness": 8.987523753253624, "final validation fitness": 8.983309141076589}