{"fitness": 8.536926823140623, "evaluations": 20040, "generation": 333, "_runtime": 5, "_timestamp": 1642157174, "_step": 333, "validation fitness": 8.527911140712074, "validation evaluations": 19860, "validation generation": 330, "final fitness": 8.536926823140623, "final validation fitness": 8.527911140712074}