{"fitness": 9.115213523497943, "evaluations": 20032, "generation": 527, "_runtime": 11, "_timestamp": 1642156977, "_step": 527, "validation fitness": 9.104465234877082, "validation evaluations": 19956, "validation generation": 525, "final fitness": 9.115213523497943, "final validation fitness": 9.104465234877082}