{"fitness": 8.848733101120489, "evaluations": 20004, "generation": 1667, "_runtime": 7, "_timestamp": 1642157119, "_step": 1667, "validation fitness": 8.828375391226393, "validation evaluations": 19980, "validation generation": 1665, "final fitness": 8.848733101120489, "final validation fitness": 8.828375391226393}